ncalls,tottime,percall,cumtime,percall,filename:lineno(function)
1,0.000,0.000,0.000,0.000,d:\Users\rocea\Desktop\Project\263Project\PythonAlgorithms\RadixSort.py:4(__init__)
3,0.000,0.000,0.000,0.000,d:\Users\rocea\Desktop\Project\263Project\PythonAlgorithms\RadixSort.py:8(CombineBuckets)
1,0.000,0.000,0.000,0.000,d:\Users\rocea\Desktop\Project\263Project\PythonAlgorithms\RadixSort.py:37(radixLL)
58,0.000,0.000,0.000,0.000,d:\Users\rocea\Desktop\Project\263Project\PythonAlgorithms\LinkedList.py:3(__init__)
11,0.000,0.000,0.000,0.000,d:\Users\rocea\Desktop\Project\263Project\PythonAlgorithms\LinkedList.py:10(__init__)
33,0.000,0.000,0.000,0.000,d:\Users\rocea\Desktop\Project\263Project\PythonAlgorithms\LinkedList.py:22(__iter__)
58,0.000,0.000,0.000,0.000,d:\Users\rocea\Desktop\Project\263Project\PythonAlgorithms\LinkedList.py:28(add_node)
58,0.000,0.000,0.000,0.000,d:\Users\rocea\Desktop\Project\263Project\PythonAlgorithms\LinkedList.py:33(add)
48,0.000,0.000,0.000,0.000,d:\Users\rocea\Desktop\Project\263Project\PythonAlgorithms\LinkedList.py:36(__getitem__)
78,0.000,0.000,0.000,0.000,d:\Users\rocea\Desktop\Project\263Project\PythonAlgorithms\LinkedList.py:55(__len__)
48,0.000,0.000,0.000,0.000,d:\Users\rocea\Desktop\Project\263Project\PythonAlgorithms\LinkedList.py:58(remove)
48,0.000,0.000,0.000,0.000,d:\Users\rocea\Desktop\Project\263Project\PythonAlgorithms\LinkedList.py:67(pop)
1,0.000,0.000,0.000,0.000,{method 'disable' of '_lsprof.Profiler' objects}
3,0.000,0.000,0.000,0.000,{built-in method builtins.len}


